{"faithfulness": 0.8106028029941074, "answer_relevancy": 0.9588964495178147, "context_recall": 0.8564814814814814, "context_precision": 0.9106481481289467}