{"faithfulness": 0.7227251327261983, "answer_relevancy": 0.9565417271796411, "context_recall": 0.787037037037037, "context_precision": 0.8539351851642689}