{"faithfulness": 0.9316390768596651, "answer_relevancy": 0.9501681388615635, "context_recall": 0.8972222222222221, "context_precision": 0.9273148147935765}